Name,Office,Score,Rating,SecondaryScore,AlignedThreshold,IsTPActionAligned
"Calvin Beaulier","State Representative","100.00","America First","100.00","80.00","yes"
"Thomas Kaczynski","State Representative","100.00","America First","100.00","80.00","yes"
"Kevin Scully","State Representative","100.00","America First","100.00","80.00","yes"
"Michael Aron","State Representative","100.00","America First","100.00","80.00","yes"
"Robert Wherry","State Representative","100.00","America First","100.00","80.00","yes"
"Erica Layon","State Representative","100.00","America First","100.00","80.00","yes"
"Dan McGuire","State Representative","100.00","America First","100.00","80.00","yes"
"John Sellers","State Representative","100.00","America First","100.00","80.00","yes"
"Alvin See","State Representative","100.00","America First","100.00","80.00","yes"
"Carol McGuire","State Representative","100.00","America First","100.00","80.00","yes"
"Henry Giasson","State Representative","100.00","America First","100.00","80.00","yes"
"Diane Pauer","State Representative","100.00","America First","100.00","80.00","yes"
"Lisa Mazur","State Representative","100.00","America First","100.00","80.00","yes"
"Katy Peternel","State Representative","98.81","America First","100.00","80.00","yes"
"Lex Berezhny","State Representative","98.81","America First","98.28","80.00","yes"
"Jordan Ulery","State Representative","98.81","America First","100.00","80.00","yes"
"Steven Kesselring","State Representative","98.81","America First","98.28","80.00","yes"
"Kelley Potenza","State Representative","98.81","America First","98.28","80.00","yes"
"Joe Alexander","State Representative","98.81","America First","98.28","80.00","yes"
"Tom Mannion","State Representative","97.62","America First","100.00","80.00","yes"
"Jason Osborne","State Representative","97.62","America First","100.00","80.00","yes"
"Glenn Bailey","State Representative","97.62","America First","100.00","80.00","yes"
"Walter Spilsbury","State Representative","97.62","America First","100.00","80.00","yes"
"Judy Aron","State Representative","97.62","America First","100.00","80.00","yes"
"Roderick Ladd","State Representative","97.62","America First","100.00","80.00","yes"
"Michael Vose","State Representative","97.62","America First","100.00","80.00","yes"
"George Grant","State Representative","97.62","America First","100.00","80.00","yes"
"Samuel Farrington","State Representative","97.62","America First","100.00","80.00","yes"
"Sly Karasinski","State Representative","97.62","America First","100.00","80.00","yes"
"Yury Polozov","State Representative","97.62","America First","100.00","80.00","yes"
"Peter Mehegan","State Representative","97.62","America First","100.00","80.00","yes"
"Ralph Boehm","State Representative","97.62","America First","100.00","80.00","yes"
"Debra DeSimone","State Representative","97.62","America First","100.00","80.00","yes"
"Matt Drew","State Representative","97.62","America First","100.00","80.00","yes"
"James Thibault","State Representative","97.62","America First","100.00","80.00","yes"
"Keith Erf","State Representative","97.62","America First","100.00","80.00","yes"
"Sherri Reinfurt","State Representative","97.62","America First","100.00","80.00","yes"
"Diane Kelley","State Representative","97.62","America First","100.00","80.00","yes"
"JD Bernardy","State Representative","97.62","America First","100.00","80.00","yes"
"Ross Berry","State Representative","97.62","America First","98.28","80.00","yes"
"Jonathan Morton","State Representative","97.62","America First","100.00","80.00","yes"
"Gerald Griffin","State Representative","97.62","America First","100.00","80.00","yes"
"Marc Tremblay","State Representative","96.55","America First","96.55","80.00","yes"
"Mike Belcher","State Representative","96.43","America First","98.28","80.00","yes"
"Michael Moffett","State Representative","96.43","America First","100.00","80.00","yes"
"Katherine Prudhomme-O'Brien","State Representative","96.43","America First","100.00","80.00","yes"
"Joe Sweeney","State Representative","96.43","America First","98.28","80.00","yes"
"Julius Soti","State Representative","96.43","America First","98.28","80.00","yes"
"Lisa Post","State Representative","96.43","America First","100.00","80.00","yes"
"Joseph Barton","State Representative","95.24","America First","94.83","80.00","yes"
"Ricky Devoid","State Representative","95.24","America First","100.00","80.00","yes"
"Paul Tudor","State Representative","95.24","America First","100.00","80.00","yes"
"Brian Labrie","State Representative","95.24","America First","100.00","80.00","yes"
"John Schneller","State Representative","95.24","America First","100.00","80.00","yes"
"Michael Granger","State Representative","95.24","America First","96.55","80.00","yes"
"Skip Rollins","State Representative","95.24","America First","96.55","80.00","yes"
"Lino Avellani","State Representative","95.24","America First","100.00","80.00","yes"
"Leonard Turcotte","State Representative","95.24","America First","100.00","80.00","yes"
"Linda Franz","State Representative","95.24","America First","96.55","80.00","yes"
"Lori Korzen","State Representative","95.24","America First","96.55","80.00","yes"
"Margaret Drye","State Representative","95.24","America First","100.00","80.00","yes"
"Bill Ohm","State Representative","95.24","America First","100.00","80.00","yes"
"Stephen Boyd","State Representative","95.24","America First","100.00","80.00","yes"
"Cathy Kenny","State Representative","95.24","America First","100.00","80.00","yes"
"Clayton Wood","State Representative","95.24","America First","100.00","80.00","yes"
"John Potucek","State Representative","95.24","America First","100.00","80.00","yes"
"Raymond Peeples","State Representative","95.24","America First","96.55","80.00","yes"
"Richard Lascelles","State Representative","95.24","America First","100.00","80.00","yes"
"Douglas Thomas","State Representative","95.24","America First","100.00","80.00","yes"
"Bob Lynn","State Representative","95.24","America First","96.55","80.00","yes"
"Katelyn Kuttab","State Representative","95.24","America First","98.28","80.00","yes"
"Rita Mattson","State Representative","95.24","America First","100.00","80.00","yes"
"James Qualey","State Representative","95.24","America First","100.00","80.00","yes"
"Pierre Dupont","State Representative","95.24","America First","100.00","80.00","yes"
"Matthew Pitaro","State Representative","95.24","America First","100.00","80.00","yes"
"Susan DeLemus","State Representative","95.24","America First","100.00","80.00","yes"
"Valerie McDonnell","State Representative","95.24","America First","96.55","80.00","yes"
"Dennis Mannion","State Representative","95.24","America First","96.55","80.00","yes"
"Brian Cole","State Representative","95.24","America First","98.28","80.00","yes"
"Riche Colcombe","State Representative","95.24","America First","100.00","80.00","yes"
"Matt Sabourin","State Representative","95.24","America First","100.00","80.00","yes"
"Aboul Khan","State Representative","95.24","America First","96.55","80.00","yes"
"Jim Kofalt","State Representative","95.24","America First","93.10","80.00","yes"
"Keith Ammon","State Representative","95.24","America First","100.00","80.00","yes"
"Vanessa Sheehan","State Representative","95.24","America First","100.00","80.00","yes"
"Gary Daniels","State Representative","95.24","America First","93.10","80.00","yes"
"Ted Gorski","State Representative","94.05","Patriot","98.28","80.00","yes"
"Gregory Hill","State Representative","94.05","Patriot","98.28","80.00","yes"
"Brian Nadeau","State Representative","94.05","Patriot","98.28","80.00","yes"
"Marie Bjelobrk","State Representative","94.05","Patriot","100.00","80.00","yes"
"Lisa Freeman","State Representative","94.05","Patriot","98.28","80.00","yes"
"Vicki Wilson","State Representative","94.05","Patriot","98.28","80.00","yes"
"Melissa Litchfield","State Representative","94.05","Patriot","98.28","80.00","yes"
"Jeremy Slottje","State Representative","94.05","Patriot","94.83","80.00","yes"
"Cyril Aures","State Representative","94.05","Patriot","98.28","80.00","yes"
"Pamela Brown","State Representative","94.05","Patriot","98.28","80.00","yes"
"Kenneth Weyler","State Representative","94.05","Patriot","94.83","80.00","yes"
"Mark McLean","State Representative","94.05","Patriot","96.55","80.00","yes"
"Lilli Walsh","State Representative","94.05","Patriot","96.55","80.00","yes"
"Wayne MacDonald","State Representative","94.05","Patriot","96.55","80.00","yes"
"Ron Dunn","State Representative","94.05","Patriot","94.83","80.00","yes"
"Daniel Popovici-Muller","State Representative","94.05","Patriot","96.55","80.00","yes"
"Linda McGrath","State Representative","94.05","Patriot","98.28","80.00","yes"
"Tom Ploszaj","State Representative","92.86","Patriot","93.10","80.00","yes"
"James Guzofski","State Representative","92.86","Patriot","100.00","80.00","yes"
"Kristin Noble","State Representative","92.86","Patriot","100.00","80.00","yes"
"James Spillane","State Representative","92.86","Patriot","93.10","80.00","yes"
"Susan Deroy","State Representative","92.86","Patriot","96.55","80.00","yes"
"Seth King","State Representative","92.86","Patriot","96.55","80.00","yes"
"Mike Drago","State Representative","92.86","Patriot","96.55","80.00","yes"
"Richard Nalevanko","State Representative","92.86","Patriot","96.55","80.00","yes"
"Denis Murphy","State Representative","92.86","Patriot","96.55","80.00","yes"
"Brian Seaworth","State Representative","92.86","Patriot","93.10","80.00","yes"
"Dillon Dumont","State Representative","92.86","Patriot","100.00","80.00","yes"
"David Walker","State Representative","92.86","Patriot","96.55","80.00","yes"
"Lorie Ball","State Representative","92.86","Patriot","96.55","80.00","yes"
"Tanya Donnelly","State Representative","92.86","Patriot","93.10","80.00","yes"
"Ray Plante","State Representative","92.86","Patriot","96.55","80.00","yes"
"Jess Edwards","State Representative","92.86","Patriot","98.28","80.00","yes"
"James Tierney","State Representative","91.67","Patriot","94.83","80.00","yes"
"Linda Gould","State Representative","91.67","Patriot","98.28","80.00","yes"
"Claudine Burnham","State Representative","91.67","Patriot","94.83","80.00","yes"
"Juliet Harvey-Bolia","State Representative","91.67","Patriot","94.83","80.00","yes"
"Joseph Hamblen","State Representative","91.67","Patriot","94.83","80.00","yes"
"Mike Ouellet","State Representative","91.67","Patriot","93.10","80.00","yes"
"Paul Terry","State Representative","91.67","Patriot","94.83","80.00","yes"
"Sayra Devito","State Representative","91.67","Patriot","91.38","80.00","yes"
"Charles McMahon","State Representative","91.67","Patriot","91.38","80.00","yes"
"Robert Harb","State Representative","91.67","Patriot","94.83","80.00","yes"
"Liz Barbour","State Representative","91.67","Patriot","98.28","80.00","yes"
"Scott Bryer","State Representative","90.48","Patriot","94.83","80.00","yes"
"Cindy Bennett","State Representative","90.48","Patriot","89.66","80.00","yes"
"John MacDonald","State Representative","90.48","Patriot","94.83","80.00","yes"
"Wayne Hemingway","State Representative","90.48","Patriot","93.10","80.00","yes"
"Julie Miles","State Representative","90.48","Patriot","93.10","80.00","yes"
"David Love","State Representative","90.48","Patriot","93.10","80.00","yes"
"Donald McFarlane","State Representative","90.48","Patriot","91.38","80.00","yes"
"Susan Porcelli","State Representative","90.48","Patriot","93.10","80.00","yes"
"Shane Sirois","State Representative","90.48","Patriot","89.66","80.00","yes"
"Arnold Davis","State Representative","89.29","Losing Patriotism","91.38","80.00","yes"
"Jose Cambrils","State Representative","89.29","Losing Patriotism","87.93","80.00","yes"
"Barbara Comtois","State Representative","89.29","Losing Patriotism","87.93","80.00","yes"
"Maureen Mooney","State Representative","89.29","Losing Patriotism","91.38","80.00","yes"
"Andrew Prout","State Representative","89.29","Losing Patriotism","98.28","80.00","yes"
"Kathleen Paquette","State Representative","89.29","Losing Patriotism","96.55","80.00","yes"
"Travis Corcoran","State Representative","89.29","Losing Patriotism","94.83","80.00","yes"
"Harry Bean","State Representative","89.13","Losing Patriotism","95.00","80.00","yes"
"Robley Hall","State Representative","88.10","Losing Patriotism","86.21","80.00","yes"
"Thomas Walsh","State Representative","88.10","Losing Patriotism","96.55","80.00","yes"
"John Hunt","State Representative","88.10","Losing Patriotism","94.83","80.00","yes"
"Kristine Perez","State Representative","88.10","Losing Patriotism","89.66","80.00","yes"
"Charles Melvin","State Representative","88.10","Losing Patriotism","89.66","80.00","yes"
"Glen Aldrich","State Representative","86.90","Losing Patriotism","84.48","80.00","yes"
"Richard Brown","State Representative","86.90","Losing Patriotism","91.38","80.00","yes"
"Mary Murphy","State Representative","86.90","Losing Patriotism","84.48","80.00","yes"
"Jim Creighton","State Representative","86.90","Losing Patriotism","84.48","80.00","yes"
"Mark Pearson","State Representative","86.90","Losing Patriotism","87.93","80.00","yes"
"Kimberly Rice","State Representative","86.90","Losing Patriotism","93.10","80.00","yes"
"Sean Durkin","State Representative","85.71","Losing Patriotism","87.93","80.00","yes"
"Darrell Louis","State Representative","85.71","Losing Patriotism","91.38","80.00","yes"
"Louise Andrus","State Representative","85.71","Losing Patriotism","87.93","80.00","yes"
"Stephen Pearson","State Representative","85.71","Losing Patriotism","82.76","80.00","yes"
"Larry Gagne","State Representative","85.71","Losing Patriotism","89.66","80.00","yes"
"John Janigian","State Representative","85.71","Losing Patriotism","84.48","80.00","yes"
"Mark Warden","State Representative","85.71","Losing Patriotism","84.48","80.00","yes"
"Kevin Verville","State Representative","84.52","Losing Patriotism","87.93","80.00","yes"
"Ernesto Gonzalez","State Representative","84.52","Losing Patriotism","87.93","80.00","yes"
"Jonathan Smith","State Representative","84.52","Losing Patriotism","82.76","80.00","yes"
"Mark Proulx","State Representative","84.52","Losing Patriotism","87.93","80.00","yes"
"Jennifer Rhodes","State Representative","84.52","Losing Patriotism","81.03","80.00","yes"
"Michael Harrington","State Representative","84.52","Losing Patriotism","81.03","80.00","yes"
"John Sytek","State Representative","84.52","Losing Patriotism","86.21","80.00","yes"
"John Suiter","State Representative","84.52","Losing Patriotism","87.93","80.00","yes"
"Dick Thackston","State Representative","83.33","Losing Patriotism","75.86","80.00","yes"
"Jeanine Notter","State Representative","83.33","Losing Patriotism","82.76","80.00","yes"
"Richard Tripp","State Representative","83.33","Losing Patriotism","84.48","80.00","yes"
"David Milz","State Representative","83.33","Losing Patriotism","84.48","80.00","yes"
"Phyllis Katsakiores","State Representative","83.33","Losing Patriotism","89.66","80.00","yes"
"Jack Flanagan","State Representative","83.33","Losing Patriotism","84.48","80.00","yes"
"Steven Bogert","State Representative","82.14","Losing Patriotism","87.93","80.00","yes"
"Peter Morency","State Representative","82.14","Losing Patriotism","84.48","80.00","yes"
"Donald Selby","State Representative","82.14","Losing Patriotism","94.83","80.00","yes"
"Jodi Nelson","State Representative","82.14","Losing Patriotism","82.76","80.00","yes"
"Charles Foote","State Representative","82.14","Losing Patriotism","84.48","80.00","yes"
"Mary Ford","State Representative","80.95","Losing Patriotism","77.59","80.00","yes"
"Jay Markell","State Representative","80.95","Losing Patriotism","82.76","80.00","yes"
"Terry Roy","State Representative","80.95","Losing Patriotism","79.31","80.00","yes"
"John Leavitt","State Representative","79.76","Becoming Erratic","79.31","80.00","no"
"James Summers","State Representative","79.76","Becoming Erratic","82.76","80.00","no"
"Laurence Miner","State Representative","78.57","Becoming Erratic","75.86","80.00","no"
"Adam Presa","State Representative","78.57","Becoming Erratic","74.14","80.00","no"
"Tom Dolan","State Representative","78.57","Becoming Erratic","74.14","80.00","no"
"Travis Toner","State Representative","77.38","Becoming Erratic","77.59","80.00","no"
"Denise DeDe-Poulin","State Representative","76.19","Becoming Erratic","70.69","80.00","no"
"Bill Boyd","State Representative","76.19","Becoming Erratic","79.31","80.00","no"
"Jeffrey Tenczar","State Representative","75.00","Becoming Erratic","75.86","80.00","no"
"Deborah Aylward","State Representative","75.00","Becoming Erratic","74.14","80.00","no"
"Tim Mannion","State Representative","72.62","Becoming Erratic","65.52","80.00","no"
"Bryan Morse","State Representative","72.62","Becoming Erratic","60.34","80.00","no"
"Steven Smith","State Representative","71.43","Becoming Erratic","70.69","80.00","no"
"Russell Dumais","State Representative","71.43","Becoming Erratic","65.52","80.00","no"
"David Lundgren","State Representative","71.43","Becoming Erratic","65.52","80.00","no"
"Susan Vandecasteele","State Representative","71.43","Becoming Erratic","72.41","80.00","no"
"Sandra Panek","State Representative","70.83","Becoming Erratic","63.64","80.00","no"
"Sheri Minor","State Representative","69.05","Erratic","68.97","80.00","no"
"Jim Fedolfi","State Representative","69.05","Erratic","70.69","80.00","no"
"Karel Crawford","State Representative","67.86","Erratic","63.79","80.00","no"
"Matthew Coker","State Representative","64.29","Erratic","60.34","80.00","no"
"Mike Bordes","State Representative","64.29","Erratic","65.52","80.00","no"
"Peter Varney","State Representative","58.33","Betraying America","53.45","80.00","no"
"Michael Murphy","State Representative","58.11","Betraying America","56.25","80.00","no"
"Brian Taylor","State Representative","57.14","Betraying America","55.17","80.00","no"
"Sherman Packard","State Representative","57.14","Betraying America","53.45","80.00","no"
"Dale Girard","State Representative","55.95","Betraying America","51.72","80.00","no"
"Douglas Trottier","State Representative","55.95","Betraying America","50.00","80.00","no"
"Joseph Guthrie","State Representative","55.95","Betraying America","63.79","80.00","no"
"Nicholas Bridle","State Representative","55.95","Betraying America","56.90","80.00","no"
"Gaby Grossman","State Representative","50.00","Turncoat","50.00","80.00","no"
"Thomas Buco","State Representative","48.81","Turncoat","50.00","80.00","no"
"Aidan Ankarberg","State Representative","48.81","Turncoat","43.10","80.00","no"
"James MacKay","State Representative","41.67","Turncoat","50.00","80.00","no"
"Jonah Wheeler","State Representative","40.48","Turncoat","32.76","80.00","no"
"Amy Malone","State Representative","36.90","Becoming Tyrannical","41.38","80.00","no"
"Myles England","State Representative","33.33","Becoming Tyrannical","31.03","80.00","no"
"Geoff Smith","State Representative","30.95","Becoming Tyrannical","39.66","80.00","no"
"David Nagel","State Representative","27.38","Becoming Tyrannical","15.52","80.00","no"
"Matthew Hicks","State Representative","27.38","Becoming Tyrannical","24.14","80.00","no"
"Mark Vallone","State Representative","26.19","Becoming Tyrannical","17.24","80.00","no"
"William Dolan","State Representative","26.19","Becoming Tyrannical","24.14","80.00","no"
"Catherine Sofikitis","State Representative","25.00","Becoming Tyrannical","25.86","80.00","no"
"Ellen Read","State Representative","25.00","Becoming Tyrannical","25.86","80.00","no"
"Dan Bergeron","State Representative","25.00","Becoming Tyrannical","29.31","80.00","no"
"Beth Richards","State Representative","23.81","Becoming Tyrannical","25.86","80.00","no"
"25.86","State Representative","22.22","Becoming Tyrannical","22.22","80.00","no"
"Jennifer Mandelbaum","State Representative","21.43","Becoming Tyrannical","18.97","80.00","no"
"Nicole Leapley","State Representative","21.43","Becoming Tyrannical","08.62","80.00","no"
"Efstathia Booras","State Representative","20.24","Becoming Tyrannical","18.97","80.00","no"
"Stephanie Payeur","State Representative","20.24","Becoming Tyrannical","17.24","80.00","no"
"John Stone","State Representative","20.24","Becoming Tyrannical","17.24","80.00","no"
"Linda Haskins","State Representative","19.05","Tyrant","18.97","80.00","no"
"Merryl Gibbs","State Representative","19.05","Tyrant","17.24","80.00","no"
"Christopher Herbert","State Representative","19.05","Tyrant","20.69","80.00","no"
"Molly Howard","State Representative","19.05","Tyrant","17.24","80.00","no"
"Karen Hegner","State Representative","17.86","Tyrant","15.52","80.00","no"
"Dale Swanson","State Representative","16.67","Tyrant","17.24","80.00","no"
"Peter Lovett","State Representative","16.67","Tyrant","15.52","80.00","no"
"Eleana Colby","State Representative","16.67","Tyrant","17.24","80.00","no"
"Marjorie Smith","State Representative","16.67","Tyrant","13.79","80.00","no"
"Patrick Long","State Representative","16.67","Tyrant","10.34","80.00","no"
"Dylan Germana","State Representative","15.91","Tyrant","00.00","80.00","no"
"Cassandra Levesque","State Representative","15.48","Tyrant","10.34","80.00","no"
"Terry Spahr","State Representative","15.48","Tyrant","12.07","80.00","no"
"James Gruber","State Representative","15.48","Tyrant","10.34","80.00","no"
"Heath Howard","State Representative","14.29","Tyrant","10.34","80.00","no"
"Michael Cahill","State Representative","14.29","Tyrant","10.34","80.00","no"
"Julie Gilman","State Representative","14.29","Tyrant","10.34","80.00","no"
"Peter Schmidt","State Representative","14.29","Tyrant","06.90","80.00","no"
"Jaci Grote","State Representative","14.29","Tyrant","17.24","80.00","no"
"Marc Plamondon","State Representative","13.10","Tyrant","10.34","80.00","no"
"Fred Davis","State Representative","13.10","Tyrant","12.07","80.00","no"
"Charlie St. Clair","State Representative","13.10","Tyrant","13.79","80.00","no"
"Allison Knab","State Representative","13.10","Tyrant","15.52","80.00","no"
"Patricia Cornell","State Representative","13.10","Tyrant","12.07","80.00","no"
"Peter Leishman","State Representative","13.10","Tyrant","05.17","80.00","no"
"Ned Raynolds","State Representative","13.10","Tyrant","15.52","80.00","no"
"Jared Sullivan","State Representative","11.90","Tyrant","01.72","80.00","no"
"Linda Ryan","State Representative","11.90","Tyrant","06.90","80.00","no"
"Thomas Schamberg","State Representative","11.90","Tyrant","10.34","80.00","no"
"Sanjeev Manohar","State Representative","11.90","Tyrant","10.34","80.00","no"
"David Luneau","State Representative","11.90","Tyrant","12.07","80.00","no"
"Alice Wade","State Representative","11.90","Tyrant","05.17","80.00","no"
"Seth Miller","State Representative","11.90","Tyrant","01.72","80.00","no"
"Jean Jeudy","State Representative","11.90","Tyrant","06.90","80.00","no"
"Christian Muns","State Representative","11.90","Tyrant","10.34","80.00","no"
"Erin Kerwin","State Representative","11.90","Tyrant","00.00","80.00","no"
"Chris McAleer","State Representative","10.71","Tyrant","03.45","80.00","no"
"Cathryn Harvey","State Representative","10.71","Tyrant","10.34","80.00","no"
"Toni Weinstein","State Representative","10.71","Tyrant","08.62","80.00","no"
"Mark Paige","State Representative","10.71","Tyrant","08.62","80.00","no"
"Russell Muirhead","State Representative","10.71","Tyrant","05.17","80.00","no"
"James Roesener","State Representative","10.71","Tyrant","05.17","80.00","no"
"David Meuse","State Representative","10.71","Tyrant","08.62","80.00","no"
"Paige Beauchemin","State Representative","09.52","Tyrant","05.17","80.00","no"
"Carry Spier","State Representative","09.52","Tyrant","00.00","80.00","no"
"Manoj Chourasia","State Representative","09.52","Tyrant","00.00","80.00","no"
"Samantha Jacobs","State Representative","09.52","Tyrant","08.62","80.00","no"
"Gary Gilmore","State Representative","09.52","Tyrant","06.90","80.00","no"
"Christine Seibert","State Representative","09.52","Tyrant","06.90","80.00","no"
"Alicia Gregg","State Representative","08.33","Tyrant","05.17","80.00","no"
"Thomas Oppel","State Representative","08.33","Tyrant","01.72","80.00","no"
"Laurel Stavis","State Representative","08.33","Tyrant","01.72","80.00","no"
"Jessica Grill","State Representative","08.33","Tyrant","01.72","80.00","no"
"Alissandra Murray","State Representative","08.33","Tyrant","00.00","80.00","no"
"Jim Snodgrass","State Representative","08.33","Tyrant","01.72","80.00","no"
"Carrie Sorensen","State Representative","08.33","Tyrant","05.17","80.00","no"
"Stephanie Grund","State Representative","08.33","Tyrant","03.45","80.00","no"
"Dru Fox","State Representative","07.14","Tyrant","03.45","80.00","no"
"Jerry Stringham","State Representative","07.14","Tyrant","00.00","80.00","no"
"Heather Baldwin","State Representative","07.14","Tyrant","03.45","80.00","no"
"Eric Turer","State Representative","07.14","Tyrant","00.00","80.00","no"
"Gregory Sargent","State Representative","07.14","Tyrant","03.45","80.00","no"
"Tony Caplan","State Representative","07.14","Tyrant","00.00","80.00","no"
"Erik Johnson","State Representative","07.14","Tyrant","03.45","80.00","no"
"Santosh Salvi","State Representative","07.14","Tyrant","00.00","80.00","no"
"Tracy Bricchi","State Representative","07.14","Tyrant","00.00","80.00","no"
"David Fracht","State Representative","07.14","Tyrant","01.72","80.00","no"
"John Larochelle","State Representative","07.14","Tyrant","06.90","80.00","no"
"Eric Gallager","State Representative","07.14","Tyrant","03.45","80.00","no"
"Kathy Staub","State Representative","07.14","Tyrant","00.00","80.00","no"
"Buzz Scherr","State Representative","07.14","Tyrant","03.45","80.00","no"
"Kristina Schultz","State Representative","07.14","Tyrant","01.72","80.00","no"
"Daniel LeClerc","State Representative","07.14","Tyrant","03.45","80.00","no"
"Peggy Balboni","State Representative","07.14","Tyrant","10.34","80.00","no"
"Suraj Budathoki","State Representative","06.76","Tyrant","02.08","80.00","no"
"Brian Sullivan","State Representative","05.95","Tyrant","01.72","80.00","no"
"Anita Burroughs","State Representative","05.95","Tyrant","01.72","80.00","no"
"William Palmer","State Representative","05.95","Tyrant","00.00","80.00","no"
"Philip Jones","State Representative","05.95","Tyrant","00.00","80.00","no"
"Lucy Weber","State Representative","05.95","Tyrant","01.72","80.00","no"
"Janet Lucas","State Representative","05.95","Tyrant","01.72","80.00","no"
"Laura Telerski","State Representative","05.95","Tyrant","01.72","80.00","no"
"Suzanne Chretien","State Representative","05.95","Tyrant","00.00","80.00","no"
"Allan Howland","State Representative","05.95","Tyrant","01.72","80.00","no"
"Timothy Soucy","State Representative","05.95","Tyrant","01.72","80.00","no"
"Mary Georges","State Representative","05.95","Tyrant","00.00","80.00","no"
"Erica deVries","State Representative","05.95","Tyrant","01.72","80.00","no"
"Matthew Wilhelm","State Representative","05.95","Tyrant","01.72","80.00","no"
"Tim Hartnett","State Representative","05.95","Tyrant","01.72","80.00","no"
"Stephen Woodcock","State Representative","04.76","Tyrant","00.00","80.00","no"
"David Paige","State Representative","04.76","Tyrant","00.00","80.00","no"
"Nicholas Germana","State Representative","04.76","Tyrant","00.00","80.00","no"
"Jodi Newell","State Representative","04.76","Tyrant","00.00","80.00","no"
"Sue Newman","State Representative","04.76","Tyrant","00.00","80.00","no"
"Ray Newman","State Representative","04.76","Tyrant","00.00","80.00","no"
"Susan Elberger","State Representative","04.76","Tyrant","00.00","80.00","no"
"Lee Ann Kluger","State Representative","04.76","Tyrant","00.00","80.00","no"
"John Cloutier","State Representative","04.76","Tyrant","00.00","80.00","no"
"Teresa O'Rorke","State Representative","04.76","Tyrant","00.00","80.00","no"
"Louis Juris","State Representative","04.76","Tyrant","00.00","80.00","no"
"Lucius Parshall","State Representative","04.76","Tyrant","00.00","80.00","no"
"Sallie Fellows","State Representative","04.76","Tyrant","03.45","80.00","no"
"Bill Bolton","State Representative","04.76","Tyrant","03.45","80.00","no"
"Christal Lloyd","State Representative","04.76","Tyrant","00.00","80.00","no"
"Eileen Kelly","State Representative","04.76","Tyrant","00.00","80.00","no"
"James Newsom","State Representative","04.76","Tyrant","00.00","80.00","no"
"Muriel Hall","State Representative","04.76","Tyrant","00.00","80.00","no"
"Barry Faulkner","State Representative","04.76","Tyrant","00.00","80.00","no"
"Linda Harriott-Gathright","State Representative","04.76","Tyrant","03.45","80.00","no"
"Martin Jack","State Representative","04.76","Tyrant","00.00","80.00","no"
"Wayne Burton","State Representative","04.76","Tyrant","00.00","80.00","no"
"Timothy Horrigan","State Representative","04.76","Tyrant","00.00","80.00","no"
"William Darby","State Representative","04.76","Tyrant","00.00","80.00","no"
"Thomas Southworth","State Representative","04.76","Tyrant","00.00","80.00","no"
"Janet Wall","State Representative","04.76","Tyrant","00.00","80.00","no"
"Mary Hakken-Phillips","State Representative","04.76","Tyrant","00.00","80.00","no"
"Ellen Rockmore","State Representative","04.76","Tyrant","03.45","80.00","no"
"Wayne Pearson","State Representative","04.76","Tyrant","01.72","80.00","no"
"Richard Ames","State Representative","04.76","Tyrant","00.00","80.00","no"
"Peter Bixby","State Representative","04.76","Tyrant","00.00","80.00","no"
"George Sykes","State Representative","04.76","Tyrant","00.00","80.00","no"
"Thomas Cormen","State Representative","04.76","Tyrant","00.00","80.00","no"
"Connie Lane","State Representative","04.76","Tyrant","00.00","80.00","no"
"Susan Almy","State Representative","04.76","Tyrant","00.00","80.00","no"
"Linda DiSilvestro","State Representative","04.76","Tyrant","01.72","80.00","no"
"David Preece","State Representative","04.76","Tyrant","03.45","80.00","no"
"Jessica LaMontagne","State Representative","04.76","Tyrant","00.00","80.00","no"
"Mary Wallner","State Representative","04.76","Tyrant","00.00","80.00","no"
"Luz Bay","State Representative","04.76","Tyrant","00.00","80.00","no"
"Paul Dargie","State Representative","04.76","Tyrant","00.00","80.00","no"
"Gary Woods","State Representative","04.76","Tyrant","00.00","80.00","no"
"Michael Edgar","State Representative","04.76","Tyrant","00.00","80.00","no"
"Alexis Simpson","State Representative","04.76","Tyrant","00.00","80.00","no"
"Daniel Veilleux","State Representative","04.76","Tyrant","00.00","80.00","no"
"Trinidad Tellez","State Representative","04.76","Tyrant","00.00","80.00","no"
"Lily Foss","State Representative","04.76","Tyrant","00.00","80.00","no"
"Loren Foxx","State Representative","03.57","Tyrant","01.72","80.00","no"
"Karen Ebel","State Representative","03.57","Tyrant","03.45","80.00","no"
"Loren Selig","State Representative","03.57","Tyrant","00.00","80.00","no"
"Billie Butler","State Representative","03.45","Tyrant","03.45","80.00","no"
"Paul Berch","State Representative","02.38","Tyrant","00.00","80.00","no"
"Heather Raymond","State Representative","02.38","Tyrant","00.00","80.00","no"
"Suzanne Vail","State Representative","02.38","Tyrant","00.00","80.00","no"
"Hope Damon","State Representative","02.38","Tyrant","00.00","80.00","no"
"Wendy Thomas","State Representative","02.38","Tyrant","00.00","80.00","no"
"Rosemarie Rung","State Representative","02.38","Tyrant","00.00","80.00","no"
"Nancy Murphy","State Representative","02.38","Tyrant","00.00","80.00","no"
"Zoe Manos","State Representative","02.38","Tyrant","00.00","80.00","no"
"Kate Murray","State Representative","02.38","Tyrant","00.00","80.00","no"
"Jim Maggiore","State Representative","02.38","Tyrant","03.45","80.00","no"
"Gerald Ward","State Representative","02.38","Tyrant","00.00","80.00","no"
"Kat McGhee","State Representative","02.38","Tyrant","00.00","80.00","no"
"Megan Murray","State Representative","02.38","Tyrant","00.00","80.00","no"
"Mark MacKenzie","State Representative","02.38","Tyrant","01.72","80.00","no"
"Peter Petrigno","State Representative","02.38","Tyrant","00.00","80.00","no"
"Catherine Rombeau","State Representative","00.00","Tyrant","00.00","80.00","no"
"Dennis Malloy","State Representative","00.00","Tyrant","00.00","80.00","no"
"James Gray","State Senator","100.00","America First","100.00","80.00","yes"
"Ruth Ward","State Senator","100.00","America First","100.00","80.00","yes"
"Daryl Abbas","State Senator","100.00","America First","100.00","80.00","yes"
"William Gannon","State Senator","100.00","America First","100.00","80.00","yes"
"Daniel Innis","State Senator","96.88","America First","100.00","80.00","yes"
"David Rochefort","State Senator","93.75","Patriot","90.00","80.00","yes"
"Tim McGough","State Senator","93.75","Patriot","100.00","80.00","yes"
"Timothy Lang","State Senator","93.75","Patriot","90.00","80.00","yes"
"Sharon Carson","State Senator","93.75","Patriot","100.00","80.00","yes"
"Keith Murphy","State Senator","93.75","Patriot","100.00","80.00","yes"
"Victoria Sullivan","State Senator","93.75","Patriot","100.00","80.00","yes"
"Regina Birdsell","State Senator","93.75","Patriot","90.00","80.00","yes"
"Kevin Avard","State Senator","90.63","Patriot","85.00","80.00","yes"
"Howard Pearl","State Senator","87.50","Losing Patriotism","90.00","80.00","yes"
"Mark McConkey","State Senator","78.13","Becoming Erratic","75.00","80.00","no"
"Denise Ricciardi","State Senator","78.13","Becoming Erratic","65.00","80.00","no"
"David Watters","State Senator","12.50","Tyrant","00.00","80.00","no"
"Debra Altschiller","State Senator","06.25","Tyrant","00.00","80.00","no"
"Patrick Long","State Senator","00.00","Tyrant","00.00","80.00","no"
"Suzanne Prentiss","State Senator","00.00","Tyrant","00.00","80.00","no"
"Donovan Fenton","State Senator","00.00","Tyrant","00.00","80.00","no"
"Lucinda Rosenwald","State Senator","00.00","Tyrant","00.00","80.00","no"
"Tara Reardon","State Senator","00.00","Tyrant","00.00","80.00","no"
"Rebecca Perkins Kwoka","State Senator","00.00","Tyrant","00.00","80.00","no"
