finding,severity,office,county,district,source_name,source_party,role_id,person_id,database_name,database_party,role_status,slug,notes
active_role_candidate_flag_off,action,State Representative,Belknap,1,Tom Ploszaj,REP,287,649,thomas ploszaj,REP,active,243638-thomas-ploszaj,Active role matches the general-election list but d1_people.is_2026_candidate is 0
active_role_candidate_flag_off,action,State Representative,Cheshire,10,Sly Karasinski,REP,111,512,Sylvester Karasinski,REP,active,242480-sylvester-karasinski,Active role matches the general-election list but d1_people.is_2026_candidate is 0
active_role_candidate_flag_off,action,State Representative,Cheshire,18,Jim Qualey,REP,740,1031,Jim Qualey,REP,active,jim-qualey,Active role matches the general-election list but d1_people.is_2026_candidate is 0
active_role_candidate_flag_off,action,State Representative,Hillsborough,2,Jeff Kerr,DEM,24,437,Jeffrey Kerr,DEM,active,242632-jeffrey-kerr,Active role matches the general-election list but d1_people.is_2026_candidate is 0
active_role_candidate_flag_off,action,State Representative,Hillsborough,19,Matt Drew,REP,115,515,Matthew Drew,REP,active,242247-matthew-drew,Active role matches the general-election list but d1_people.is_2026_candidate is 0
intentional_duplicate_active_role,exception,State Representative,Hillsborough,34,Daniel T. Veilleux,DEM,1468,1702,Daniel T. Veilleux,DEM,active,sos-2026-house-hillsborough-34-daniel-t-veilleux,Daniel Veilleux duplicate is intentionally preserved at the user's direction
active_role_candidate_flag_off,action,State Representative,Hillsborough,38,Ted Trost,REP,201,576,Theodore Trost,REP,active,243695-theodore-trost,Active role matches the general-election list but d1_people.is_2026_candidate is 0
active_role_candidate_flag_off,action,State Representative,Hillsborough,44,Chris Conroy,DEM,264,629,Christopher Conroy,DEM,active,243681-christopher-conroy,Active role matches the general-election list but d1_people.is_2026_candidate is 0
active_role_candidate_flag_off,action,State Representative,Rockingham,1,Hal Rafter,DEM,206,580,Harold Rafter,DEM,active,242358-harold-rafter,Active role matches the general-election list but d1_people.is_2026_candidate is 0
active_role_candidate_flag_off,action,State Representative,Rockingham,7,JJ DeFeo,DEM,50,463,John DeFeo,DEM,active,244283-john-defeo,Active role matches the general-election list but d1_people.is_2026_candidate is 0
active_role_candidate_flag_off,action,State Representative,Rockingham,31,Jess Edwards,REP,64,476,Jesse Edwards,REP,active,244326-jesse-edwards,Active role matches the general-election list but d1_people.is_2026_candidate is 0
active_role_candidate_flag_off,action,State Representative,Strafford,4,Ginna Schonwald,DEM,231,604,Virginia Schonwald,DEM,active,243669-virginia-schonwald,Active role matches the general-election list but d1_people.is_2026_candidate is 0
active_role_candidate_flag_off,action,State Representative,Strafford,12,Will Hurley,DEM,105,508,William Hurley,DEM,active,244215-william-hurley,Active role matches the general-election list but d1_people.is_2026_candidate is 0
source_candidate_role_not_active,action,State Representative,Sullivan,8,Catherine Peschke,REP,959,1187,Catherine Peschke,REP,archived,catherine-peschke,Matching role is archived; name score 100
source_candidate_role_not_active,action,State Representative,Sullivan,8,Hope Damon,DEM,607,318,Hope Damon,DEM,archived,hope-damon,Matching role is archived; name score 100
source_candidate_role_not_active,action,State Representative,Sullivan,8,Jonathan F. Stone,REP,250,619,Jonathan Stone,REP,archived,242430-jonathan-stone,Matching role is archived; name score 95
source_candidate_role_not_active,action,State Representative,Sullivan,8,Samuel Deering,DEM,608,912,Samuel Deering,DEM,archived,samuel-deering,Matching role is archived; name score 100
